RESNUM,RESNAME,H_X,H_Y,H_BEST_REF_SCORE,H_BEST_REF_COV,H_BEST_REF_MATCH,H_UCBShift,HA_X,HA_Y,HA_BEST_REF_SCORE,HA_BEST_REF_COV,HA_BEST_REF_MATCH,HA_UCBShift,C_X,C_Y,C_BEST_REF_SCORE,C_BEST_REF_COV,C_BEST_REF_MATCH,C_UCBShift,CA_X,CA_Y,CA_BEST_REF_SCORE,CA_BEST_REF_COV,CA_BEST_REF_MATCH,CA_UCBShift,CB_X,CB_Y,CB_BEST_REF_SCORE,CB_BEST_REF_COV,CB_BEST_REF_MATCH,CB_UCBShift,N_X,N_Y,N_BEST_REF_SCORE,N_BEST_REF_COV,N_BEST_REF_MATCH,N_UCBShift
1,THR,8.40998670965701,8.474137707622717,0.47747426545327476,0.8421052631578947,1,8.499005075385725,4.223366937204462,4.349979076500634,0.47747426545327476,0.8421052631578947,1,4.317629136402486,170.99373763004772,,0.0,0.0,0,170.99373763004772,61.50720099226329,,0.0,0.0,0,61.50720099226329,69.94106391944166,,0.0,0.0,0,69.94106391944166,115.98302317738927,,0.0,0.0,0,115.98302317738927
2,THR,8.30159057984238,8.37412422970419,0.47747426545327476,0.8421052631578947,1,8.352649978266179,4.88759954014874,4.844874057916338,0.47747426545327476,0.8421052631578947,1,4.870739769175269,173.90484648581972,,0.0,0.0,0,173.90484648581972,62.42187757549117,,0.0,0.0,0,62.42187757549117,69.85378753883894,,0.0,0.0,0,69.85378753883894,120.36834183909978,,0.0,0.0,0,120.36834183909978
3,TYR,9.375970686846486,9.274516178988897,0.47747426545327476,0.8421052631578947,1,9.315609464679765,5.138477566217117,5.353509627186545,0.47747426545327476,0.8421052631578947,1,5.3349513058219555,174.66000784386725,174.7670579651375,0.42283261198154776,0.875,1,174.86668591908094,57.19410181176601,57.061012176733996,0.42283261198154776,0.875,1,57.0339809534521,41.86382602811078,43.68468290231199,0.42283261198154776,0.875,1,43.536416516594514,126.58830519686424,121.95998002433072,0.42283261198154776,0.875,1,123.08217546598402
4,LYS,8.914481036080586,9.043794284992103,0.47747426545327476,0.8421052631578947,1,9.0850158011988,5.298373969486069,5.236019330758386,0.47747426545327476,0.8421052631578947,1,5.270502882939283,174.24759827784436,172.85637652209175,0.42283261198154776,0.875,1,173.0696261110112,54.28659299598735,55.10811738954125,0.42283261198154776,0.875,1,54.96295011688312,36.558226305971814,36.237435946495495,0.42283261198154776,0.875,1,36.33237337993673,121.09505294725275,123.15639649776104,0.42283261198154776,0.875,1,123.00288860165946
5,LEU,8.876026191741591,8.708429647707767,0.47747426545327476,0.8421052631578947,1,8.760296592107892,4.8546910593018096,5.08174769874917,0.47747426545327476,0.8421052631578947,1,5.056726707670109,174.41086524709178,174.29188261045877,0.42283261198154776,0.875,1,174.36747243003663,53.12741670092685,53.0664237697615,0.42283261198154776,0.875,1,53.10890089075369,43.42281622031302,42.72270579651375,0.42283261198154776,0.875,1,43.04794113532024,126.83904852723943,126.82609303607326,0.42283261198154776,0.875,1,126.66762393544234
6,ILE,9.217183018764567,9.198714027095512,0.34008546132309453,0.8421052631578947,1,9.259139762259965,4.538943566078366,4.432411004686374,0.34008546132309453,0.8421052631578947,1,4.437823599889,174.60846755336885,174.8161054708185,0.42283261198154776,0.875,1,175.023778956882,60.83293569637585,60.25184850075816,0.42283261198154776,0.875,1,60.27761176930292,38.886455666944165,38.12481877956057,0.42283261198154776,0.875,1,38.25762551292596,127.05002271747142,126.47376407137548,0.42283261198154776,0.875,1,126.88574483833389
7,LEU,9.079657857614608,8.901722099040306,0.47747426545327476,0.8421052631578947,0,8.949625351936952,4.782218399095349,3.75843785711292,0.47747426545327476,0.8421052631578947,0,4.283528381945832,175.24292460111553,174.76500094616895,0.42283261198154776,0.875,1,174.9699509635087,54.05304077420357,54.747142046140894,0.42283261198154776,0.875,1,54.63796658727939,43.54572802387057,43.180418007072696,0.42283261198154776,0.875,1,43.20232502665668,128.9741212177156,126.79785890002806,0.42283261198154776,0.875,1,127.22197028164612
8,ASN,8.595581462404263,8.976867894467206,0.47747426545327476,0.8421052631578947,1,8.985340254378954,5.047732854928405,5.268162235697773,0.47747426545327476,0.8421052631578947,1,5.27679502934288,174.82008873190696,175.8174359464955,0.42283261198154776,0.875,1,175.76054793659674,52.60751115914641,50.74830638022025,0.42283261198154776,0.875,1,50.85875267141192,40.86606246480741,38.548164637211,0.42283261198154776,0.875,1,39.02274393068043,122.61013218922744,126.0641359059443,0.42283261198154776,0.875,1,125.2473130982018
9,GLY,8.26620873152958,7.886167239841183,0.47747426545327476,0.8421052631578947,1,7.906037546503496,4.188317717321567,,0.0,0.0,0,4.188317717321567,173.1058305848818,172.943481734899,0.42283261198154776,0.875,1,173.07126061728826,45.309920853879454,44.422118848807486,0.42283261198154776,0.875,1,44.49878574437785,,,0.0,0.0,0,,110.81936253343324,109.94291476286203,0.42283261198154776,0.875,1,110.23026754608169
10,LYS,8.58296385942391,9.206503131220119,0.47747426545327476,0.8421052631578947,1,9.17831524062604,4.39579367962038,4.107744570018804,0.47747426545327476,0.8421052631578947,1,4.14870665984016,177.1207287445277,178.820823186055,0.42283261198154776,0.875,1,178.6859785748862,57.38923287312132,59.22110667207349,0.42283261198154776,0.875,1,59.06371118085248,32.645893275191476,32.71028348601849,0.42283261198154776,0.875,1,32.705667051298704,118.42952610753136,120.25762493717448,0.42283261198154776,0.875,1,120.38368079128095
11,THR,7.929429426173827,8.730910104652928,0.47747426545327476,0.8421052631578947,1,8.668797985331336,4.284821405305805,4.382913309914669,0.47747426545327476,0.8421052631578947,1,4.41500671060051,174.55869571267064,172.82105942440373,0.42283261198154776,0.875,1,173.3003997651848,62.70677927840492,62.00188261045875,0.42283261198154776,0.875,1,62.080525727655676,69.74430206240982,69.52738869882575,0.42283261198154776,0.875,1,69.54570747430347,114.10378910127095,106.28696346979801,0.42283261198154776,0.875,1,108.25583103040847
12,LEU,7.470624515467866,7.6806263826521475,0.47747426545327476,0.8421052631578947,1,7.646010838256188,4.437662294705295,4.397026334421677,0.47747426545327476,0.8421052631578947,1,4.438454883594184,174.96167268458763,173.664304920954,0.42283261198154776,0.875,1,173.96197738587523,54.3612399542513,54.499176813945,0.42283261198154776,0.875,1,54.46594141647797,44.26917663168498,42.91211884880749,0.42283261198154776,0.875,1,43.03222636768787,121.96798631679987,127.92397418726577,0.42283261198154776,0.875,1,126.91626450624375
13,LYS,8.36540849196359,8.079526255063557,0.47747426545327476,0.8421052631578947,1,8.130676168770117,4.714991571939172,5.017950061072005,0.47747426545327476,0.8421052631578947,1,4.987307213142413,176.05388449785215,175.4899055046605,0.42283261198154776,0.875,1,175.6402021842713,55.15332539279609,53.65439941629351,0.42283261198154776,0.875,1,53.75917956659452,34.57713860716506,39.13531709768801,0.42283261198154776,0.875,1,38.26124209347875,123.89151658060828,122.44670725577998,0.42283261198154776,0.875,1,122.97379579822956
14,GLY,8.760254646442448,8.320938144281664,0.47747426545327476,0.8421052631578947,1,8.360164006793207,4.18688588465146,,0.0,0.0,0,4.18688588465146,171.60208509569318,170.857341451156,0.42283261198154776,0.875,1,171.1140522013542,45.38612572375403,44.822942034862486,0.42283261198154776,0.875,1,44.856913347108446,,,0.0,0.0,0,,111.2224701492563,105.36526985001825,0.42283261198154776,0.875,1,105.97375723590854
15,GLU,8.368502487895437,8.39296117976699,0.47747426545327476,0.8421052631578947,1,8.414772057259407,5.557434492884892,5.630581970452416,0.47747426545327476,0.8421052631578947,1,5.654612978760128,175.17582410855255,173.49743594649547,0.42283261198154776,0.875,1,174.16975879648683,54.93089758590298,53.86835362788999,0.42283261198154776,0.875,1,53.8284578970585,33.06716820020535,34.75141013376127,0.42283261198154776,0.875,1,34.472536626312575,120.1161719934288,121.11136288609151,0.42283261198154776,0.875,1,121.09577763299478
16,THR,8.559158642840494,8.82211254384413,0.47747426545327476,0.8421052631578947,1,8.823493926212677,4.75680087061827,4.752743592548975,0.47747426545327476,0.8421052631578947,1,4.773445378477078,172.72095828998224,171.92242231049525,0.42283261198154776,0.875,1,172.24644684508823,60.45806996910867,60.34811738954125,0.42283261198154776,0.875,1,60.38776200800866,71.62374995589965,70.32487189299098,0.42283261198154776,0.875,1,70.45047669317904,114.16627003614163,114.16327276855073,0.42283261198154776,0.875,1,114.40466477243866
17,THR,8.376565033860585,8.111933527126524,0.47747426545327476,0.8421052631578947,1,8.152474418603619,5.784857523476525,5.833359087436416,0.47747426545327476,0.8421052631578947,1,5.852769322882672,173.96313367609056,173.0334617592297,0.42283261198154776,0.875,1,173.23827000135418,59.91776750507825,59.821531901101224,0.42283261198154776,0.875,1,59.81127273028083,72.14088686611721,72.38221334414698,0.42283261198154776,0.875,1,72.46670398310579,112.81289244932844,114.85162639644072,0.42283261198154776,0.875,1,115.1740552490343
18,THR,9.14159081877012,9.06360778228924,0.47747426545327476,0.8421052631578947,1,9.069021927933179,4.688417615750915,4.676928250130859,0.47747426545327476,0.8421052631578947,1,4.665444494449995,172.28580204375623,171.0388933279265,0.42283261198154776,0.875,1,171.14592662602396,60.236721448817846,61.47,0.42283261198154776,0.875,1,61.28581732414252,70.69761592014652,70.65487189299098,0.42283261198154776,0.875,1,70.66703309650904,114.03103431030081,115.61110667207349,0.42283261198154776,0.875,1,115.75301976955821
19,GLU,8.620207684681985,8.074215172466378,0.47747426545327476,0.8421052631578947,1,8.147743072988122,5.160956894405595,5.453943670983569,0.47747426545327476,0.8421052631578947,1,5.388536188361639,175.90155272405372,175.46450238234425,0.42283261198154776,0.875,1,175.59492279814629,55.26953578466534,54.51086103819496,0.42283261198154776,0.875,1,54.611966281396384,30.30390408060828,30.717448650004933,0.42283261198154776,0.875,1,30.727427391736043,126.18805733830614,124.92755929114252,0.42283261198154776,0.875,1,124.99228756361417
20,ALA,8.665598522227773,9.291934348735193,0.47747426545327476,0.8421052631578947,1,9.257503745704296,4.7404458812354315,4.930849431556798,0.47747426545327476,0.8421052631578947,1,4.909467650693752,176.8131903784549,177.27280029185326,0.42283261198154776,0.875,1,177.43360140591076,50.886798944905095,50.94990550466051,0.42283261198154776,0.875,1,50.98073677569653,21.932212030536135,23.634730149981742,0.42283261198154776,0.875,1,23.59864602624043,127.89821588104672,125.17661276044049,0.42283261198154776,0.875,1,125.60810893423243
21,VAL,8.531090969014318,8.67019783206355,0.47747426545327476,0.8421052631578947,1,8.638196084937285,4.0095400792152285,4.223162846640739,0.47747426545327476,0.8421052631578947,1,4.172438392157842,175.4234234844489,174.53738869882574,0.42283261198154776,0.875,1,174.90408336182153,64.75224810542791,63.41202435346799,0.42283261198154776,0.875,1,63.67197987592408,32.23799844428904,32.192658548844,0.42283261198154776,0.875,1,32.27698006158286,119.26592668716839,116.19875158491726,0.42283261198154776,0.875,1,116.686147090121
22,ASP,7.478119163403264,7.368676482954629,0.47747426545327476,0.8421052631578947,1,7.42504402014652,4.964113938611389,4.773745183620019,0.47747426545327476,0.8421052631578947,1,4.820547727233877,175.55652181865912,174.61729420348624,0.42283261198154776,0.875,1,174.8048724383006,52.82578783224554,52.567388698825745,0.42283261198154776,0.875,1,52.67563071961927,42.17046217823288,42.46454115930275,0.42283261198154776,0.875,1,42.49684094877345,114.91018836256522,115.09362347790825,0.42283261198154776,0.875,1,115.13194613473195
23,ALA,8.729093196031746,8.503720310186127,0.47747426545327476,0.8421052631578947,1,8.53534302923188,3.4544620120268617,3.2740970550683537,0.47747426545327476,0.8421052631578947,1,3.309392203912755,178.66834635624932,179.26275304418348,0.42283261198154776,0.875,1,179.26568012975358,54.690456193056946,54.655506088367,0.42283261198154776,0.875,1,54.71801493660229,18.409832684626487,18.223765220917493,0.42283261198154776,0.875,1,18.363806021633923,119.44443602552447,122.00762493717448,0.42283261198154776,0.875,1,121.94942688811189
24,GLU,8.497367548334998,8.35,0.4805979848039247,0.6714285714285714,1,8.383252958197358,3.906990089271839,3.86,0.4805979848039247,0.6714285714285714,1,3.8817522813297813,178.83323011324785,178.6,0.49662214743275457,0.7704918032786885,1,178.81434970404595,59.6392064574037,59.21,0.49662214743275457,0.7704918032786885,1,59.40146611046176,28.88664548174603,29.1,0.49662214743275457,0.7704918032786885,1,29.19385137089022,117.8360616592907,119.36,0.49662214743275457,0.7704918032786885,1,119.43346850888557
25,THR,8.052730814019315,8.291567958611669,0.47747426545327476,0.8421052631578947,1,8.310714362781663,3.8933695934731936,3.7204278069041252,0.47747426545327476,0.8421052631578947,1,3.7645959167277168,176.13857251202685,175.9613628860915,0.42283261198154776,0.875,1,176.19813533235651,65.77874719259628,67.23105942440375,0.42283261198154776,0.875,1,67.11405397541901,68.76419080431235,67.99362347790826,0.42283261198154776,0.875,1,68.0394786434066,116.85807007794983,117.184304920954,0.42283261198154776,0.875,1,117.68618469390054
26,ALA,7.699992840587191,7.243425530017826,0.47747426545327476,0.8421052631578947,1,7.340761136613386,3.569029073201799,3.219443603281716,0.47747426545327476,0.8421052631578947,1,3.25827947021312,177.49744092481964,176.79004724766975,0.42283261198154776,0.875,1,177.29683783926075,55.06946823269508,55.011977105798245,0.42283261198154776,0.875,1,55.01023258334443,17.44110541793762,17.614635654642246,0.42283261198154776,0.875,1,17.610001514269065,124.54578505964035,123.98595129306402,0.42283261198154776,0.875,1,124.35046840953491
27,GLU,8.697053346026197,8.380449328630283,0.47747426545327476,0.8421052631578947,1,8.469437793656343,3.146139265484514,2.631393234185957,0.47747426545327476,0.8421052631578947,1,2.7890842693695173,177.63655153815074,177.5162347790825,0.42283261198154776,0.875,1,177.57459969038737,59.87036475966811,59.35444666396325,0.42283261198154776,0.875,1,58.98762996487957,29.402320724980573,29.170047247669746,0.42283261198154776,0.875,1,29.204523363214562,117.89338393916638,116.64112664774278,0.42283261198154776,0.875,1,117.19220450354645
28,ARG,7.183674738367189,6.9820428628538345,0.47747426545327476,0.8421052631578947,0,7.0478398657620165,4.014088086102786,3.9012024882855876,0.47747426545327476,0.8421052631578947,0,3.941228585042735,178.59532044219117,178.54087043372476,0.42283261198154776,0.875,0,178.7639403380342,58.96954433454324,59.800330733688234,0.42283261198154776,0.875,0,59.67365212258297,29.734117517704515,30.504777397651488,0.42283261198154776,0.875,0,29.86757794739705,118.32261348769563,117.28068144304575,0.42283261198154776,0.875,0,117.92102319203575
29,VAL,7.574366024431123,7.358560699766318,0.47747426545327476,0.8421052631578947,1,7.392838601853701,3.567265851307026,3.6375029990076606,0.47747426545327476,0.8421052631578947,1,3.6492133755744245,178.04870307766123,178.54,0.42283261198154776,0.875,1,178.5895657451382,66.22717167295482,66.47,0.42283261198154776,0.875,1,66.55861884243535,31.55559285884671,32.08,0.42283261198154776,0.875,1,32.15382986068376,120.62073964912865,118.9,0.42283261198154776,0.875,1,119.4489173526085
30,PHE,8.397489030902431,8.535331988148902,0.47747426545327476,0.8421052631578947,1,8.569940494444445,4.577050226806526,4.79984599721139,0.47747426545327476,0.8421052631578947,1,4.825863247802197,178.83037952224998,178.54555333603673,0.42283261198154776,0.875,1,178.68597183316683,58.4624015004995,57.527435946495494,0.42283261198154776,0.875,1,57.75855768540349,36.53188646553447,37.59096492906425,0.42283261198154776,0.875,1,37.52935698504829,118.27134516191586,118.1582591325505,0.42283261198154776,0.875,1,118.48777382004107
31,LYS,8.54972704145854,9.02844341413325,0.47747426545327476,0.8421052631578947,1,9.047349387529136,3.9562568746836497,4.1061474096175985,0.47747426545327476,0.8421052631578947,1,4.107575268903319,178.81663984312354,179.53416317794478,0.42283261198154776,0.875,1,179.5377795088356,60.072417687828846,60.256376522091756,0.42283261198154776,0.875,1,60.26503166658342,31.922981405427908,31.856282026752254,0.42283261198154776,0.875,1,31.823695154956155,119.12676182003553,121.02842085122901,0.42283261198154776,0.875,1,121.09088488147408
32,GLU,7.923051474325674,7.6325937776209045,0.47747426545327476,0.8421052631578947,0,7.684729771844823,4.092019086668887,4.269512656185813,0.47747426545327476,0.8421052631578947,0,4.163223631690531,179.05016357044622,177.612847539523,0.42283261198154776,0.875,0,178.27058444281275,59.295261379509384,60.134399416293505,0.42283261198154776,0.875,0,60.011934066150516,29.45146525880231,29.21675450344973,0.42283261198154776,0.875,0,29.3101067543623,119.660550488345,121.38169361977975,0.42283261198154776,0.875,0,121.34145691718837
33,TYR,8.266224393450992,8.121387134237565,0.47747426545327476,0.8421052631578947,1,8.150254692823841,4.288962503052503,4.279528210003217,0.47747426545327476,0.8421052631578947,1,4.2977639724164725,177.94179151598402,178.3709176813945,0.42283261198154776,0.875,1,178.55055939688646,61.46424165661006,61.64555333603675,0.42283261198154776,0.875,1,61.69766338289488,38.43863094023754,37.23536434535775,0.42283261198154776,0.875,1,37.44601034805194,120.70333175524475,120.61811738954125,0.42283261198154776,0.875,1,121.06812901479076
34,ALA,8.882269791341992,9.196176268162718,0.47747426545327476,0.8421052631578947,1,9.187516847846599,3.8192163913891664,3.824273060467564,0.47747426545327476,0.8421052631578947,1,3.8481768171883677,179.33285981254858,179.0437652209175,0.42283261198154776,0.875,1,179.2310051543734,55.61052789072039,56.08468290231199,0.42283261198154776,0.875,1,56.052851329065376,18.21056129498835,18.141929858128496,0.42283261198154776,0.875,1,18.193000462543015,123.32775128690199,122.11738869882574,0.42283261198154776,0.875,1,122.42563662051836
35,LYS,8.256264326934176,,0.0,0.0,0,8.256264326934176,4.144787902203352,,0.0,0.0,0,4.144787902203352,180.80295018305583,,0.0,0.0,0,180.80295018305583,59.460037233416585,,0.0,0.0,0,59.460037233416585,32.35922452399267,,0.0,0.0,0,32.35922452399267,117.47563970893552,,0.0,0.0,0,117.47563970893552
36,LYS,8.242514813591963,,0.0,0.0,0,8.242514813591963,4.060347793339993,,0.0,0.0,0,4.060347793339993,177.308540698668,,0.0,0.0,0,177.308540698668,58.916003488383836,,0.0,0.0,0,58.916003488383836,32.09415980885226,,0.0,0.0,0,32.09415980885226,121.59514034595405,,0.0,0.0,0,121.59514034595405
37,ASN,7.339990120274171,7.393255884866172,0.47747426545327476,0.8421052631578947,1,7.430593681490732,4.639708494128095,4.653527596402002,0.47747426545327476,0.8421052631578947,1,4.664102120251971,174.22065951474636,174.01256405350452,0.42283261198154776,0.875,1,174.2665011675935,53.34097009733045,53.524682902311994,0.42283261198154776,0.875,1,53.457792326984126,39.486094788461536,40.38284753952299,0.42283261198154776,0.875,1,40.43335897959818,115.33342482347652,114.38202435346798,0.42283261198154776,0.875,1,114.63479595028305
38,GLY,7.863871156798757,7.788264229867908,0.47747426545327476,0.8421052631578947,1,7.810019184060383,3.915094367318792,,0.0,0.0,0,3.915094367318792,174.25679865919636,173.735317097688,0.42283261198154776,0.875,1,173.92969831119436,46.613109996764344,47.00995275233025,0.42283261198154776,0.875,1,46.92936065040515,,,0.0,0.0,0,,108.3717594598568,107.9009176813945,0.42283261198154776,0.875,1,108.30254921213786
39,VAL,7.858441394355643,8.135063649057505,0.47747426545327476,0.8421052631578947,1,8.138649267726716,4.173462537057387,4.070175916906037,0.47747426545327476,0.8421052631578947,1,4.096789918081917,174.79383027606283,174.905317097688,0.42283261198154776,0.875,1,174.84792400023312,61.62124553610279,61.825506088367,0.42283261198154776,0.875,1,61.82095319452215,33.35375247189477,32.081835362789,0.42283261198154776,0.875,1,32.27283939177489,119.77388614723056,121.6678811511925,0.42283261198154776,0.875,1,121.83172949512155
40,ASP,8.401180469341769,8.647805341303707,0.47747426545327476,0.8421052631578947,1,8.65529639054834,4.813267374630924,4.938119461005224,0.47747426545327476,0.8421052631578947,1,4.911774416106116,176.15371091834277,174.4409176813945,0.42283261198154776,0.875,1,174.95448551964702,54.193255385564434,52.8664237697615,0.42283261198154776,0.875,1,53.279279241697196,41.425457255577754,41.64748319416524,0.42283261198154776,0.875,1,41.78420071151626,126.45490731872573,131.32750316983453,0.42283261198154776,0.875,1,131.02209842558554
41,GLY,8.300171963691863,8.058421143989795,0.47747426545327476,0.8421052631578947,1,8.068966865312465,3.9904582170218674,,0.0,0.0,0,3.9904582170218674,172.9092647557054,172.59251680583478,0.42283261198154776,0.875,1,172.8320395511544,44.91797341893662,45.01931855695424,0.42283261198154776,0.875,1,44.961554327605725,,,0.0,0.0,0,,108.62507894111444,107.98696346979801,0.42283261198154776,0.875,1,108.351671752886
42,GLU,8.394599375058275,8.188704998303383,0.47747426545327476,0.8421052631578947,1,8.234725273165722,4.65936763587801,4.784085842094846,0.47747426545327476,0.8421052631578947,1,4.794475392402042,175.82536847110111,177.5,0.42283261198154776,0.875,1,177.11663614202465,55.386039468936616,55.26,0.42283261198154776,0.875,1,55.28694257740038,31.899891698723497,31.64,0.42283261198154776,0.875,1,31.587503684626487,120.3224154046176,118.58,0.42283261198154776,0.875,1,118.97307991438562
43,TRP,8.92798958912754,9.336184748598246,0.47747426545327476,0.8421052631578947,1,9.352141407464758,5.106340939898989,5.382833100907777,0.47747426545327476,0.8421052631578947,1,5.327113076900877,176.89337704966698,177.615762302385,0.42283261198154776,0.875,1,177.48109217289377,56.386198157342655,57.80164637211001,0.42283261198154776,0.875,1,57.49512990644356,30.68913081792097,34.04719970814675,0.42283261198154776,0.875,1,33.33717067419247,126.69455770564436,123.81066146737648,0.42283261198154776,0.875,1,124.6994908029637
44,THR,9.338417344311244,9.31642957981106,0.47747426545327476,0.8421052631578947,1,9.26157597102897,4.88950701964147,4.856438951377013,0.47747426545327476,0.8421052631578947,1,4.85731057054612,173.23053361263734,173.92150462910075,0.42283261198154776,0.875,1,173.963946578305,60.675738549622594,60.84115391974324,0.42283261198154776,0.875,1,60.78906759370629,71.27847354176379,73.13647101743125,0.42283261198154776,0.875,1,73.01649671336996,117.66014399153623,109.90528982568755,0.42283261198154776,0.875,1,110.85755250517815
45,TYR,8.667589627428127,8.603174490578827,0.47747426545327476,0.8421052631578947,1,8.612853262404261,5.041712388406039,4.975456077463141,0.47747426545327476,0.8421052631578947,1,5.002957167948718,173.57052568391055,171.89686897445853,0.42283261198154776,0.875,1,172.2805840525086,56.73823303096348,57.986376522091746,0.42283261198154776,0.875,1,57.588421171534016,41.37527033276723,39.77989820832933,0.42283261198154776,0.875,1,40.124477519064264,125.3435255522755,117.81578957438549,0.42283261198154776,0.875,1,120.22957660917416
46,ASP,7.8031617336940835,7.608284132305534,0.47747426545327476,0.8421052631578947,1,7.6807778228216215,4.641468865012765,4.593217337485417,0.47747426545327476,0.8421052631578947,1,4.603561424525474,175.71325210254747,176.10976376165127,0.42283261198154776,0.875,1,176.13290441424132,52.10126478923854,51.0590823186055,0.42283261198154776,0.875,1,51.12977380709291,42.1285782509768,42.71004724766975,0.42283261198154776,0.875,1,42.7516875464591,127.85797165334111,126.23604578840352,0.42283261198154776,0.875,1,127.00777348164614
47,ASP,8.56948865922411,8.557761332236316,0.47747426545327476,0.8421052631578947,1,8.567428488683538,4.138758447738373,4.123608990689349,0.47747426545327476,0.8421052631578947,1,4.1300637227494725,177.21264203671885,177.2062347790825,0.42283261198154776,0.875,1,177.26164519078145,56.08916062919858,54.981646372110006,0.42283261198154776,0.875,1,55.071398754378954,40.25638665617161,43.0964237697615,0.42283261198154776,0.875,1,42.655326351282056,125.00106791245422,123.14526985001825,0.42283261198154776,0.875,1,123.73949985222
48,ALA,7.853478075208125,8.299032679903531,0.47747426545327476,0.8421052631578947,1,8.29781596921967,4.143277823623599,4.11355368109108,0.47747426545327476,0.8421052631578947,1,4.142289450699301,178.91520518293373,179.19188261045875,0.42283261198154776,0.875,1,179.30400564099236,54.21061197803308,54.1409176813945,0.42283261198154776,0.875,1,54.17875983162393,18.62150720809746,19.114588406972498,0.42283261198154776,0.875,1,19.101679930974583,120.6071047058275,118.6399055046605,0.42283261198154776,0.875,1,118.93667547705627
49,THR,7.324086867465868,6.992221977760212,0.47747426545327476,0.8421052631578947,1,7.022121846103898,4.36323028515096,4.391843995648066,0.47747426545327476,0.8421052631578947,1,4.415522323459873,175.0569354723776,175.61797564653202,0.42283261198154776,0.875,1,175.52430927565766,61.01982092260517,60.19840087555974,0.42283261198154776,0.875,1,60.41915691993007,69.66498519685314,70.08270579651375,0.42283261198154776,0.875,1,69.98023759129204,106.59755122781107,102.92717973247747,0.42283261198154776,0.875,1,103.63137041031746
50,LYS,7.744434029359528,7.835699749370234,0.47747426545327476,0.8421052631578947,1,7.817748633732934,3.7038215351454102,4.17777809445383,0.47747426545327476,0.8421052631578947,1,4.098994348190698,175.316921165984,175.05270579651375,0.42283261198154776,0.875,1,175.1408965671828,57.30667950924631,55.65463565464225,0.42283261198154776,0.875,1,56.300430942457545,29.189437904939506,27.89028348601849,0.42283261198154776,0.875,1,28.148043866083917,119.62508667042403,119.64691622212825,0.42283261198154776,0.875,1,119.90181195581641
51,THR,7.202099075646576,7.381538085351702,0.47747426545327476,0.8421052631578947,1,7.32807526959707,5.286464771783771,5.4808548672687,0.47747426545327476,0.8421052631578947,1,5.421045751104451,173.22131740286935,174.12261130117426,0.42283261198154776,0.875,1,174.15083757550227,62.09771169741924,62.521012176734,0.42283261198154776,0.875,1,62.51563637310467,70.9446893486014,71.96536434535776,0.42283261198154776,0.875,1,71.92389017953712,112.64704283674658,111.49188261045875,0.42283261198154776,0.875,1,111.96590093083027
52,PHE,9.702686222927074,10.416249937625764,0.47747426545327476,0.8421052631578947,1,10.264034533044734,5.367011515090465,5.668998284116161,0.47747426545327476,0.8421052631578947,1,5.652669497718948,175.1285771196526,175.297341451156,0.42283261198154776,0.875,1,175.47125317803864,56.42228885596071,56.78995275233025,0.42283261198154776,0.875,1,56.72909878539239,41.103174895005,43.09284753952299,0.42283261198154776,0.875,1,42.96706426159396,127.04265201281495,130.28049245236676,0.42283261198154776,0.875,1,130.15229224770786
53,THR,9.188755183477634,9.167804853468416,0.47747426545327476,0.8421052631578947,1,9.221313082861583,4.812999799333999,5.276576352707791,0.47747426545327476,0.8421052631578947,1,5.268139012254412,173.46546104637028,172.00526985001827,0.42283261198154776,0.875,1,172.30665484770228,61.917100563414365,60.6135762302385,0.42283261198154776,0.875,1,60.81135267977023,69.9826920996337,71.94555333603674,0.42283261198154776,0.875,1,71.8690767564602,119.74790204553224,112.62827910821979,0.42283261198154776,0.875,1,114.3799832055167
54,VAL,8.937986195016094,8.432528683690512,0.47747426545327476,0.8421052631578947,1,8.497715433583084,4.6682261191974685,4.540484999228011,0.47747426545327476,0.8421052631578947,1,4.5695197528527025,174.60290751585083,172.31169361977976,0.42283261198154776,0.875,1,172.66202146551782,60.46758232856033,58.32666000811024,0.42283261198154776,0.875,1,58.55461320838051,32.700238275407926,32.72105942440375,0.42283261198154776,0.875,1,32.89025109068709,127.33504620946276,118.89823186055003,0.42283261198154776,0.875,1,123.20777847781663
55,THR,8.55905939859585,8.424961270783351,0.47747426545327476,0.8421052631578947,1,8.450519262903763,4.944752297330447,4.752407248943311,0.47747426545327476,0.8421052631578947,1,4.782295763697413,174.68837152624596,173.47115391974324,0.42283261198154776,0.875,1,173.63198102922632,61.371756175824174,61.234777397651484,0.42283261198154776,0.875,1,61.13775137540792,70.37021329314574,72.03202435346799,0.42283261198154776,0.875,1,71.96607130598845,125.23311331031191,123.25583682205523,0.42283261198154776,0.875,1,123.8963562060606
56,GLU,8.681473883105783,7.913149614289857,0.47747426545327476,0.8421052631578947,1,8.07689766074481,4.307959002136752,4.261845131834134,0.47747426545327476,0.8421052631578947,1,4.290663413974913,178.47962850928516,179.9782591325505,0.42283261198154776,0.875,1,179.6309575217449,57.91227391703852,57.597388698825746,0.42283261198154776,0.875,1,57.53251338409923,31.061209696825397,33.4609176813945,0.42283261198154776,0.875,1,32.80168834188034,127.38037728838384,130.39477739765147,0.42283261198154776,0.875,1,130.11902076050617
